{"lr": 3.055131655229813e-06, "weight_decay": 0.0009833313418472305, "n_epochs": 38, "n_epochs_hp_search_limit": 38, "n_extra_epochs": 5, "batch_size": 16}